task,A_level,C_level,same_first_request,same_first_reply_content,same_first_raw_response,C_accepted_helper,A_requests,C_requests,original_repair_bypass_signal,A_L3_C_regression
Prob001_zero,3,3,True,True,False,False,1,1,False,False
Prob002_m2014_q4i,3,3,True,True,False,False,1,1,False,False
Prob003_step_one,3,3,True,True,False,False,1,1,False,False
Prob004_vector2,3,3,True,True,False,False,1,1,False,False
Prob005_notgate,3,3,True,True,False,False,1,1,False,False
Prob006_vectorr,3,3,True,True,False,False,1,1,False,False
Prob007_wire,3,3,True,True,False,False,1,1,False,False
Prob008_m2014_q4h,3,3,True,True,False,False,1,1,False,False
Prob009_popcount3,3,3,True,True,False,False,1,1,False,False
Prob010_mt2015_q4a,3,3,True,True,False,False,1,1,False,False
Prob011_norgate,3,3,True,True,False,False,1,1,False,False
Prob012_xnorgate,3,3,True,True,False,False,1,1,False,False
Prob013_m2014_q4e,3,3,True,True,False,False,1,1,False,False
Prob014_andgate,3,3,True,True,False,False,1,1,False,False
Prob015_vector1,3,3,True,True,False,False,1,1,False,False
Prob016_m2014_q4j,3,3,True,True,False,False,1,1,False,False
Prob017_mux2to1v,3,3,True,True,False,False,1,1,False,False
Prob018_mux256to1,3,3,True,True,False,False,1,1,False,False
Prob019_m2014_q4f,3,3,True,True,False,False,1,1,False,False
Prob020_mt2015_eq2,3,3,True,True,False,False,1,1,False,False
Prob021_mux256to1v,3,3,True,True,False,False,2,2,False,False
Prob022_mux2to1,3,3,True,True,False,False,1,1,False,False
Prob023_vector100r,3,3,True,True,False,False,1,1,False,False
Prob024_hadd,3,3,True,True,False,False,1,1,False,False
Prob025_reduction,3,3,True,True,False,False,1,1,False,False
Prob026_alwaysblock1,3,3,True,True,False,False,1,1,False,False
Prob027_fadd,3,3,True,True,False,False,1,1,False,False
Prob028_m2014_q4a,3,3,True,True,False,False,1,1,False,False
Prob029_m2014_q4g,3,3,True,True,False,False,1,1,False,False
Prob030_popcount255,3,3,True,True,False,False,1,1,False,False
Prob031_dff,3,3,True,True,False,False,1,1,False,False
Prob032_vector0,3,3,True,True,False,False,1,1,False,False
Prob033_ece241_2014_q1c,3,3,True,True,False,False,1,1,False,False
Prob034_dff8,1,1,True,True,False,False,1,1,False,False
Prob035_count1to10,3,3,True,True,False,False,1,1,False,False
Prob036_ringer,3,3,True,True,False,False,1,1,False,False
Prob037_review2015_count1k,3,3,True,True,False,False,1,1,False,False
Prob038_count15,3,3,True,True,False,False,1,1,False,False
Prob039_always_if,3,3,True,True,False,False,1,1,False,False
Prob040_count10,3,3,True,True,False,False,1,1,False,False
Prob041_dff8r,3,3,True,True,False,False,1,1,False,False
