task,agent_level,baseline_level,agent_coefficient,baseline_coefficient,level_change
JC_counter,3,3,1.0,1.0,0
LFSR,3,3,1.0,1.0,0
accu,1,1,0.2,0.2,0
adder_16bit,0,0,0.0,0.0,0
adder_32bit,0,0,0.0,0.0,0
adder_8bit,3,0,1.0,0.0,3
adder_bcd,1,3,0.2,1.0,-2
adder_pipe_64bit,1,1,0.2,0.2,0
barrel_shifter,0,3,0.0,1.0,-3
calendar,3,3,1.0,1.0,0
comparator_3bit,3,3,1.0,1.0,0
comparator_4bit,3,3,1.0,1.0,0
counter_12,3,3,1.0,1.0,0
div_16bit,0,0,0.0,0.0,0
edge_detect,3,3,1.0,1.0,0
fixed_point_adder,0,0,0.0,0.0,0
fixed_point_substractor,0,1,0.0,0.2,-1
float_multi,0,0,0.0,0.0,0
freq_div,3,3,1.0,1.0,0
freq_divbyeven,3,3,1.0,1.0,0
freq_divbyfrac,1,1,0.2,0.2,0
freq_divbyodd,1,1,0.2,0.2,0
fsm,1,0,0.2,0.0,1
instr_reg,3,3,1.0,1.0,0
multi_16bit,1,1,0.2,0.2,0
multi_8bit,3,3,1.0,1.0,0
multi_booth_8bit,1,3,0.2,1.0,-2
multi_pipe_4bit,0,0,0.0,0.0,0
multi_pipe_8bit,0,1,0.0,0.2,-1
parallel2serial,1,1,0.2,0.2,0
pe,3,3,1.0,1.0,0
pulse_detect,1,1,0.2,0.2,0
radix2_div,0,0,0.0,0.0,0
right_shifter,3,3,1.0,1.0,0
ring_counter,3,3,1.0,1.0,0
sequence_detector,1,1,0.2,0.2,0
serial2parallel,1,1,0.2,0.2,0
signal_generator,3,3,1.0,1.0,0
square_wave,1,1,0.2,0.2,0
sub_64bit,3,3,1.0,1.0,0
synchronizer,3,3,1.0,1.0,0
traffic_light,1,1,0.2,0.2,0
up_down_counter,3,3,1.0,1.0,0
width_8to16,3,3,1.0,1.0,0
