题目,分类,合法输入域,参数默认与绑定,reset/enable/clock,交易与可观察边界,TB/ref一致性及覆盖,最小修正方案,候选复用或重生成,证据
accu,已确认契约问题,data_in 0–255；valid_in 0/1，允许输入间隙,ref 无外部参数；TB 无localparam；good/dut未#覆盖,clk正沿；rst_n低；仅valid_in接受,每四个有效数据求10位和；valid_out一拍，非有效周期数据未定义,ref ready_add=!valid_out或valid_in，无效输入也计数；TB随机valid且全时比较data_out,独立四有效样本scoreboard；核对valid脉冲并只在有效时判数据,原prompt下可重判现存候选；若新增输出延迟要求须重生成,contract_audit_source/tasks_verified/accu/prompt.txt；ref.sv；tb.sv
adder_16bit,未发现明确冲突但覆盖有限,"a,b 0–65535；Cin 0/1",ref 无外部参数；TB 无localparam；good/dut未#覆盖,组合；无reset/enable/clock,"{Co,y}=a+b+Cin；题面另要求8位子加法器实例化",200随机对照没有结构验收或进位边界保证,数学oracle、进位链定向样本；将结构要求独立静态验收,可复用；缺失辅助模块不可臆补,contract_audit_source/tasks_verified/adder_16bit/prompt.txt；ref.sv；tb.sv
adder_32bit,未发现明确冲突但覆盖有限,A/B为32位无符号；接口声明[32:1],ref 无外部参数；TB 无localparam；good/dut未#覆盖,组合；无reset/enable/clock,33位加法及CLA结构/16位CLA块,200随机只判S/C32，未证明CLA架构；向量连接位宽相同不自动证明索引声明一致,独立加法oracle、进位定向样本及结构检查,可复用；改变模块打包协议时受影响题需新生成或找回原响应,contract_audit_source/tasks_verified/adder_32bit/prompt.txt；ref.sv；tb.sv
adder_8bit,未发现明确冲突但覆盖有限,"a,b 0–255；cin 0/1",ref 无外部参数；TB 无localparam；good/dut未#覆盖,组合；无reset/enable/clock,9位加法；多个位级full-adder,200随机功能对照，未验结构；baseline成品引用缺失full_adder且carry[7:0]访问[8],加法oracle与结构分开；确认完整多模块打包链,可复用当前成品重判；不得凭猜测补helper,contract_audit_source/tasks_verified/adder_8bit/prompt.txt；ref.sv；tb.sv
adder_bcd,已确认契约问题,A/B严格0–9；Cin 0/1,ref 无外部参数；TB 无localparam；good/dut未#覆盖,组合；无reset/enable/clock,sum_decimal=A+B+Cin；Sum为个位，Cout为十进制进位,TB四位满域随机涵盖10–15，越出prompt明确域；agent差异在非法大和域,穷举10×10×2=200个合法组合；独立十进制oracle,两份原候选均可直接重新判定；不需重生成,contract_audit_source/tasks_verified/adder_bcd/prompt.txt；ref.sv；tb.sv
adder_pipe_64bit,规格歧义,adda/addb全部64位；i_en 0/1,"ref DATA_WIDTH=64, STG_WIDTH=16；TB DATA_WIDTH=64, STG_WIDTH=16；good/dut未#覆盖",clk正沿；rst_n低；i_en接受请求,65位加法，o_en标记有效；确切延迟/无效result未给,ref四级由隐藏STG_WIDTH=16决定；TB精确逐拍、全时判result/o_en,交易队列判有效和顺序；需明确延迟或合法延迟范围，否则预排除,可重判不加新约束的功能子合同；新可见延迟/级数须新生成,contract_audit_source/tasks_verified/adder_pipe_64bit/prompt.txt；ref.sv；tb.sv
barrel_shifter,未发现明确冲突但覆盖有限,in 0–255；ctrl 0–7,ref 无外部参数；TB 无localparam；good/dut未#覆盖,组合；无reset/enable/clock,零填充右移，不旋转；题面指定mux2X1分级实现,200随机不足覆盖2048组合/结构；agent成品helper缺失并含重复stage驱动风险,穷举2048组合数学移位oracle，另验结构/完整打包,可复用；不据成品缺helper推断模型原响应也缺,contract_audit_source/tasks_verified/barrel_shifter/prompt.txt；ref.sv；tb.sv
calendar,未发现明确冲突但覆盖有限,无数据输入；仅时钟与RST,ref 无外部参数；TB 无localparam；good/dut未#覆盖,CLK正沿；RST高异步,秒/分0–59，时0–23；含59/59/23级联回卷,16预热+200检查仅覆盖秒/少量分钟，未覆盖3600/86400边界,足够长的独立计数scoreboard及中途reset/跨层回卷,可复用；本轮未运行长测试,contract_audit_source/tasks_verified/calendar/prompt.txt；ref.sv；tb.sv
comparator_3bit,未发现明确冲突但覆盖有限,A/B 0–7,ref 无外部参数；TB 无localparam；good/dut未#覆盖,组合；无reset/enable/clock,大于/等于/小于三个互斥输出,200随机并不构成全部64组合穷举证明,穷举64组合独立比较oracle,可复用,contract_audit_source/tasks_verified/comparator_3bit/prompt.txt；ref.sv；tb.sv
comparator_4bit,未发现明确冲突但覆盖有限,A/B 0–15,ref 无外部参数；TB 无localparam；good/dut未#覆盖,组合；无reset/enable/clock,三个互斥比较输出；借位实现说明,200随机未覆盖全部256组合或结构,穷举256组合独立比较oracle，结构另验,可复用,contract_audit_source/tasks_verified/comparator_4bit/prompt.txt；ref.sv；tb.sv
counter_12,未发现明确冲突但覆盖有限,valid_count 0/1,ref 无外部参数；TB 无localparam；good/dut未#覆盖,clk正沿；rst_n低；valid_count=0保持,0–11循环计数,逐拍参考比较与功能描述未见冲突；无定向长暂停或测量期reset,独立mod12计数，暂停、11回卷、中途reset,可复用,contract_audit_source/tasks_verified/counter_12/prompt.txt；ref.sv；tb.sv
div_16bit,已确认契约问题,A 0–65535；可判域B 1–255，B=0未定义,ref 无外部参数；TB 无localparam；good/dut未#覆盖,组合；无reset/enable/clock,quotient/remainder；说明用greater但数学除法等号需减,TB允许B=0；未定义域强制等价；文字greater/参考>=需区分,非零域数学除法oracle，定向A=B/小于B/极值；零域先不判,可复用非零明确子域；要求新除零行为须重生成,contract_audit_source/tasks_verified/div_16bit/prompt.txt；ref.sv；tb.sv
edge_detect,规格歧义,a 0/1，题面说缓慢变化但未量化,ref 无外部参数；TB 无localparam；good/dut未#覆盖,clk正沿；rst_n低,开头/中段说单拍边沿脉冲，末句说保持到下次边沿,内部文字矛盾；TB每拍随机a只强制ref单拍实现,澄清脉冲与保持优先级；缓慢/连续边沿定向测相位,单拍子合同可复用但单列；新增明确行为后的全任务须新生成或预排除,contract_audit_source/tasks_verified/edge_detect/prompt.txt；ref.sv；tb.sv
fixed_point_adder,已确认契约问题,N位固定点；编码、溢出规则需澄清,"ref Q=15, N=32；TB Q=15, N=32；good/dut未#覆盖",组合；无reset/enable/clock,同号幅度相加、异号幅度相减；Q定小数尺度,prompt无N/Q默认；ref32/15，agent8/0，baseline16/8；TB32/15不绑定；overflow描述不精确,"显式#(.N(32),.Q(15))绑定双方；独立明确编码/零/溢出oracle",参数化现成候选可重判指定配置；增加默认、编码/溢出新要求须新生成,contract_audit_source/tasks_verified/fixed_point_adder/prompt.txt；ref.sv；tb.sv
fixed_point_substractor,已确认契约问题,N位固定点；全符号组合；零须正零,"ref Q=15, N=32；TB Q=15, N=32；good/dut未#覆盖",组合；无reset/enable/clock,题面同号保持符号/异号比较与通常减法矛盾；零符号明确清0,prompt无默认；双方16/8、ref32/15；TB无绑定；ref相同负数相减保留负零,先同绑定32/15；独立验证零规则；澄清符号编码/算术，不自动改成二补码减法,现有参数化候选可重判；agent成品本身有动态module级if/赋值语法问题，不会仅靠参数修好；新语义须新生成,contract_audit_source/tasks_verified/fixed_point_substractor/prompt.txt；ref.sv；tb.sv
float_multi,已确认契约问题,全部IEEE754单精度位模式，含NaN/Inf/±0/次正规,ref 无外部参数；TB 无localparam；good/dut未#覆盖,clk；rst高；无valid/ready，外部采样合同未给完整,IEEE乘积/舍入；首次时钟提取输入，最终时刻未规定,ref特殊值早写z后普通counter7无条件覆盖；or rst使释放也触发计数；TB每周期换a/b全时比较隐藏序列,预排除；先独立IEEE oracle，明确舍入/NaN比较及输入保持、输出时刻,仅不变合同的有限功能子域可复用；完整新时序/舍入合同须新生成,contract_audit_source/tasks_verified/float_multi/prompt.txt；ref.sv；tb.sv
freq_div,已确认契约问题,题面输入时钟100MHz,ref 无外部参数；TB 无localparam；good/dut未#覆盖,CLK_in正沿；RST高异步,输出÷2/÷10/÷100，即50/10/1MHz,TB #2.5周期5ns=200MHz，只能检验比率，不能宣称绝对频率正确,输入周期10ns；双边沿测比率、周期和reset,可复用；无需新生成,contract_audit_source/tasks_verified/freq_div/prompt.txt；ref.sv；tb.sv
freq_divbyeven,未发现明确冲突但覆盖有限,NUM_DIV合法偶数2–32；默认6,ref NUM_DIV=6；TB NUM_DIV=6；good/dut未#覆盖,clk正沿；rst_n低；无enable,每NUM_DIV/2个正沿翻转；reset输出0,TB只默认6且没有实例参数覆盖；未覆盖2/32及中途reset,显式绑定双方NUM_DIV；覆盖合法偶数，边沿波形oracle,已有暴露参数的候选可复用；若题面要求参数而候选写死，应保留结构失败，不改候选,contract_audit_source/tasks_verified/freq_divbyeven/prompt.txt；ref.sv；tb.sv
freq_divbyfrac,未发现明确冲突但覆盖有限,固定3.5分频；MUL2_DIV_CLK=7半步描述,ref MUL2_DIV_CLK=7；TB MUL2_DIV_CLK=7；good/dut未#覆盖,clk双边沿；rst_n低异步,每7半步，前3高、后4低,复核发现ref OR合成可达均匀3.5周期；仅负沿检查未验证全部半步与reset相位,双边沿独立7半步波形oracle；不要误把正沿支路4/3间隔当合成输出,可复用；撤回独立审阅的确定oracle错误判断,contract_audit_source/tasks_verified/freq_divbyfrac/prompt.txt；ref.sv；tb.sv
freq_divbyodd,未发现明确冲突但覆盖有限,NUM_DIV奇数；默认5；其他合法范围未给,ref NUM_DIV=5；TB NUM_DIV=5；good/dut未#覆盖,clk双边沿；rst_n低异步，支路reset为1,两个边沿计数/整除半段后OR的明确波形,TB只默认5、负沿比较；不覆盖另一半步和参数范围,绑定默认5；双边沿波形oracle；扩参数域前确认计数宽度/支持范围,默认5可复用；不要自行扩成任意无限奇数,contract_audit_source/tasks_verified/freq_divbyodd/prompt.txt；ref.sv；tb.sv
fsm,已确认契约问题,连续1位IN；10011与100110011重叠匹配,"ref s0=3'b000, s1=3'b001, s2=3'b010, s3=3'b011, s4=3'b100, s5=3'b101；TB s0=3'b000, s1=3'b001, s2=3'b010, s3=3'b011, s4=3'b100, s5=3'b101；good/dut未#覆盖",CLK状态正沿；RST高；Mealy输出,最后输入出现时MATCH高，例子第五/第九位,TB输入在negedge后变化却跨过posedge后下一negedge检查，可能错过前半拍组合脉冲,驱动后、采样posedge前检查Mealy输出并检查reset/定向重叠,可复用；不把registered候选与组合脉冲差异全归因题面不清,contract_audit_source/tasks_verified/fsm/prompt.txt；ref.sv；tb.sv
instr_reg,已确认契约问题,data 0–255；fetch=1/2装不同寄存器，0/3保持,ref 无外部参数；TB 无localparam；good/dut未#覆盖,clk正沿；rst明确低有效；reset即时相位细节未规定,ins/ad1拆首寄存器，ad2为第二；正常期选择/保持,TB rst=1再置0，所有200次测量都在reset；正常功能未测,改低有效reset序列；逐种fetch及保持独立scoreboard；不强行加未给异步要求,可复用原候选；原L3不能作为正常功能证据,contract_audit_source/tasks_verified/instr_reg/prompt.txt；ref.sv；tb.sv
JC_counter,未发现明确冲突但覆盖有限,无数据输入；64位状态,ref 无外部参数；TB 无localparam；good/dut未#覆盖,clk正沿；rst_n低异步,"Q={~Q[0],Q[63:1]}，128拍循环",200测量覆盖周期长度但预热跳过初始16状态；无测量期reset,独立移位scoreboard，自reset首拍检查和128状态回卷,可复用,contract_audit_source/tasks_verified/JC_counter/prompt.txt；ref.sv；tb.sv
LFSR,未发现明确冲突但覆盖有限,无数据输入；4位状态,ref 无外部参数；TB 无localparam；good/dut未#覆盖,clk正沿；rst高；prompt写沿内reset判断,反馈~(out[3]^out[2])，左移，reset0,ref异步高reset，prompt沿内措辞未明确异步；TB不测中途reset；仅已采样序列,独立15状态/反馈轨迹，reset采样相位明确后扩测,可复用已明确沿内行为；若新增reset异步约束须新生成,contract_audit_source/tasks_verified/LFSR/prompt.txt；ref.sv；tb.sv
multi_16bit,规格歧义,ain/bin无符号16位；start=0使i归0,ref 无外部参数；TB 无localparam；good/dut未#覆盖,clk正沿；rst_n低；start持续才能走完装载+16计算,题面明确i、逐位累加及yout赋值，故中间轨迹有文字依据；done完成,随机start不保证完成；新交易未清累加与通常独立乘法含义冲突；不能简单说中间值未规定,reset隔离完整交易，持续start、判最终数学乘积/done；逐拍实现要求另报，重启/abort先澄清,完整单交易子合同可复用；新重启规则/改变算法合同須新生成,contract_audit_source/tasks_verified/multi_16bit/prompt.txt；ref.sv；tb.sv
multi_8bit,未发现明确冲突但覆盖有限,A/B 0–255，无符号,ref 无外部参数；TB 无localparam；good/dut未#覆盖,组合；无reset/enable/clock,16位乘积；移位加法算法,200随机非65536穷举，参考等价不验算法；不能仅凭窄输入断言表达式结果截断,独立数学乘积及高位/全1定向；算法结构另验,可复用,contract_audit_source/tasks_verified/multi_8bit/prompt.txt；ref.sv；tb.sv
multi_booth_8bit,规格歧义,a/b 8位；Implementation明确符号扩展，端口符号文字不足,ref 无外部参数；TB 无localparam；good/dut未#覆盖,clk正沿；reset高异步装载；16轮后rdy,Implementation明确每轮shift/add，并给a→multiplier/b→multiplicand；整体却称Radix-4 Booth且端口角色相反,TB每交易20中间周期逐拍判p/rdy；算法文字确有依据但与整体规格冲突；交换a/b保持最终乘积却改变轨迹,选择最终signed乘积+rdy子合同，或先公布逐拍算法优先级；不可直接删除中间检查后称原全合同通过,现存候选可重判最终产品子合同；统一Radix-4/指定逐拍算法后的新版必须新生成，或预排除,contract_audit_source/tasks_verified/multi_booth_8bit/prompt.txt；ref.sv；tb.sv
multi_pipe_4bit,未发现明确冲突但覆盖有限,mul_a/b默认4位无符号；size=4,"ref size=4, N=2 * size；TB size=4, N=2 * size；good/dut未#覆盖",clk正沿；rst_n低异步；每拍接收,题面两级寄存，第二级输出前一拍部分和，即两采样边沿链,TB默认size=4、无显式绑定；200样本，未查reset中途/结构,显式size=4；两级数学流水scoreboard，穷举256输入组合与连续流,可复用；不扩size任意范围（ref仅四项分组）,contract_audit_source/tasks_verified/multi_pipe_4bit/prompt.txt；ref.sv；tb.sv
multi_pipe_8bit,规格歧义,mul_a/b 0–255；mul_en_in 0/1,ref size=8；TB size=8；good/dut未#覆盖,clk正沿；rst_n低；输入寄存仅enable更新,mul_en_out有效输出；题面明确invalid mul_out=0；未给enable管线宽度,ref三位enable另寄存共四采样级；disable清输入与prompt保持不同；reset mul_a重复、mul_b缺初始化,澄清enable与数据对齐延迟；独立交易oracle，同时保留invalid=0检查；补reset评测,当前成品可重判明确子合同；agent缺TopModule仍为成品接口问题；新延迟合同须新生成,contract_audit_source/tasks_verified/multi_pipe_8bit/prompt.txt；ref.sv；tb.sv
parallel2serial,未发现明确冲突但覆盖有限,d 4位，每四周期一帧,ref 无外部参数；TB 无localparam；good/dut未#覆盖,clk正沿；rst_n低；无输入valid,valid_out仅标首位，随后三周期dout仍承载剩余位,TB全时dout检查可有依据；不能按valid=0屏蔽后三位；预热跳过首帧,首位valid定位四位scoreboard及首帧/reset；明确reset起始计数相位若新要求,可复用；只mask初始未成帧期,contract_audit_source/tasks_verified/parallel2serial/prompt.txt；ref.sv；tb.sv
pe,未发现明确冲突但覆盖有限,a/b任意32位整数；c为32位模截断,ref 无外部参数；TB 无localparam；good/dut未#覆盖,clk正沿；rst高异步；每拍累加,c←c+a*b低32位,signed/unsigned乘法的低32位一致，不应凭未写signed造冲突；随机无定向溢出/reset,独立mod2^32 MAC、零/极值/累加溢出、中途reset,可复用,contract_audit_source/tasks_verified/pe/prompt.txt；ref.sv；tb.sv
pulse_detect,规格歧义,连续data_in位；例01010→00101,"ref s0=2'b00, s1=2'b01, s2=2'b10, s3=2'b11；TB s0=2'b00, s1=2'b01, s2=2'b10, s3=2'b11；good/dut未#覆盖",clk正沿；rst_n低；输出说明含时钟always,010尾周期pulse；题面时钟输出与ref组合Mealy时相不一致,TB统一negedge且跨posedge，不能裁定组合/寄存相位解释,明确尾位采样前/后相位；定向01010及重叠；预排除有冲突全合同,可复用无新时相子合同；明确新可见时相須新生成,contract_audit_source/tasks_verified/pulse_detect/prompt.txt；ref.sv；tb.sv
radix2_div,规格歧义,8位signed/unsigned；明确子域divisor≠0，排-128/-1溢出,ref 无外部参数；TB 无localparam；good/dut未#覆盖,clk正沿；rst极性未显式，ref高同步；opn_valid请求/res_ready消费,result仅res_valid时含余数高8位/商低8位；内部8步说明,TB每拍乱改sign/request/ready、全时判中间result；ref实时sign未锁存；busy接受请求条件不充分规定,一笔交易、sign稳定、等待res_valid并验持有/消费；除零/溢出/busy/reset极性需澄清,可复用明确子域、协议假设单列；完整新握手/reset合同须新生成,contract_audit_source/tasks_verified/radix2_div/prompt.txt；ref.sv；tb.sv
right_shifter,未发现明确冲突但覆盖有限,d 0/1,ref 无外部参数；TB 无localparam；good/dut未#覆盖,clk正沿；无reset；prompt明确initial q=0,"q←{d,q[7:1]}，首次值0",16预热把初始状态与初始错误冲掉；只测后续移位,t=0及首8拍独立shift scoreboard,可复用；不要将initial误判为无题面许可,contract_audit_source/tasks_verified/right_shifter/prompt.txt；ref.sv；tb.sv
ring_counter,未发现明确冲突但覆盖有限,无输入数据；8位onehot,ref 无外部参数；TB 无localparam；good/dut未#覆盖,clk正沿；reset高，起始00000001；异步未明确,左循环移位、onehot,200拍覆盖周期，但预热跳过启动；无异步相位/恢复检查,首8拍onehot/方向/回卷scoreboard；reset相位以原可见合同为界,可复用,contract_audit_source/tasks_verified/ring_counter/prompt.txt；ref.sv；tb.sv
sequence_detector,规格歧义,data_in连续0/1,"ref IDLE=5'b00001, S1=5'b00010, S2=5'b00100, S3=5'b01000, S4=5'b10000；TB IDLE=5'b00001, S1=5'b00010, S2=5'b00100, S3=5'b01000, S4=5'b10000；good/dut未#覆盖",clk正沿；rst_n低；S4输出Moore,检测1001，第四位后进入S4；重叠退出策略未明确,TB强制ref S4退出/重叠路径；不能默认所有合理FSM逐拍等价,明确1001001等重叠政策；独立序列scoreboard，普通非重叠子域先判,非重叠明确子域可复用；新增重叠要求须新生成或预排除,contract_audit_source/tasks_verified/sequence_detector/prompt.txt；ref.sv；tb.sv
serial2parallel,已确认契约问题,din_serial 0/1；din_valid允许间隙,ref 无外部参数；TB 无localparam；good/dut未#覆盖,clk正沿；rst_n低；只接受有效位,八个有效位MSB先，随后一输出拍；输出拍忽略输入,ref invalid清cnt，违背八个有效位且暗加连续条件；TB随机valid触发,独立计数八有效位；输出拍不接收；只valid时判parallel，测间隙/连续,可复用原候选；不得为迎合ref增加连续输入前提,contract_audit_source/tasks_verified/serial2parallel/prompt.txt；ref.sv；tb.sv
signal_generator,未发现明确冲突但覆盖有限,无输入数据；5位wave,ref 无外部参数；TB 无localparam；good/dut未#覆盖,clk正沿；rst_n低异步,0–31往返，0/31各多停一拍,ref端点保持符合文字；200拍有限覆盖，预热跳过启动,独立64拍轨迹/端点保持、首拍与中途reset,可复用,contract_audit_source/tasks_verified/signal_generator/prompt.txt；ref.sv；tb.sv
square_wave,规格歧义,freq非零明确子域1–255；0未定义，变频语义不足,ref 无外部参数；TB 无localparam；good/dut未#覆盖,clk正沿；无reset；prompt未给count/wave初始值,count到freq-1翻wave；稳定freq半周期freq拍,ref initial 0形成隐藏初相；TB随机freq含0且每拍变，强制初相及动态行为,先澄清上电/初值/变频生效；非零稳定频率测周期而非隐藏相位,有限周期子合同可复用需注明初始化缺口；新增init/reset/变频合同须新生成,contract_audit_source/tasks_verified/square_wave/prompt.txt；ref.sv；tb.sv
sub_64bit,未发现明确冲突但覆盖有限,A/B全部64位二补码有符号,ref 无外部参数；TB 无localparam；good/dut未#覆盖,组合；无reset/enable/clock,差低64位；异号输入且结果符号不同则overflow,200随机参考对照，未保证min/max/equal溢出边界,独立64位差与符号oracle，定向极值,可复用,contract_audit_source/tasks_verified/sub_64bit/prompt.txt；ref.sv；tb.sv
synchronizer,已确认契约问题,data_en高≥3 clk_b周期；期间data_in恒定；相邻数据变化≥10 clk_b周期,ref 无外部参数；TB 无localparam；good/dut未#覆盖,clk_a/clk_b周期TB为5/7ns；arstn/brstn低异步,A采数据/enable，B两级enable后更新并保持dataout,TB每5ns改data/en，违背明示CDC域；ref en_data_reg判断brstn而敏感arstn，与prompt A reset不同,交易刺激遵守稳定/间隔；独立时钟域scoreboard，两个reset分别测,原候选可复用；不需要新增prompt，只修非法刺激/错误oracle,contract_audit_source/tasks_verified/synchronizer/prompt.txt；ref.sv；tb.sv
traffic_light,规格歧义,pass_request 0/1，按钮剩余>10时缩到10,"ref idle=2'd0；TB idle=2'd0, s1_red=2'd1, s2_yellow=2'd2, s3_green=2'd3；good/dut未#覆盖",clk正沿；rst_n低异步；状态参数只是枚举,正文60绿/5黄/10红；clock倒计时亦输出,正文与count=3转移、退出/进入装载文字冲突；ref条件与prompt无条件重置10也不同,预排除；先统一时长/过渡初态/count观察/按钮策略，再独立scoreboard,明确新版合同后必须新生成；只旧候选参考等价不能解决,contract_audit_source/tasks_verified/traffic_light/prompt.txt；ref.sv；tb.sv
up_down_counter,已确认契约问题,up_down 0/1；16位mod65536,ref 无外部参数；TB 无localparam；good/dut未#覆盖,prompt明确posedge同步reset高；ref为异步高reset,每拍±1，reset置0,ref异步与prompt同步不同；TB只初始reset，不揭示此差异/长程边界,独立同步reset计数，中拍assert后在posedge前后观察；定向回卷,可复用原候选重判原同步合同,contract_audit_source/tasks_verified/up_down_counter/prompt.txt；ref.sv；tb.sv
width_8to16,规格歧义,data_in 0–255；valid_in允许间隙,ref 无外部参数；TB 无localparam；good/dut未#覆盖,clk正沿；rst_n低异步；每两有效字节一组,首字节高8；开头next clock与后文第二输入边沿立即拼接有歧义,TB强制ref第二有效边沿与invalid数据保持；无效数据要求不充分,澄清第二/下一边沿；有效交易拼接oracle，invalid只验已明示控制,原候选可重判无新要求子合同；新版可见延迟须新生成,contract_audit_source/tasks_verified/width_8to16/prompt.txt；ref.sv；tb.sv
